<?xml version="1.0" encoding="UTF-8"?>
<!--
Licensed to the Apache Software Foundation (ASF) under one or more
contributor license agreements.  See the NOTICE file distributed with
this work for additional information regarding copyright ownership.
The ASF licenses this file to you under the Apache License,
Version 2.0 (the "License"); you may not use this file except in
compliance with the License.  You may obtain a copy of the License at

    http://www.apache.org/licenses/LICENSE-2.0

Unless required by applicable law or agreed to in writing, software
distributed under the License is distributed on an "AS IS" BASIS,
WITHOUT WARRANTIES OR CONDITIONS OF ANY KIND, either express or implied.
See the License for the specific language governing permissions and
limitations under the License.
-->

<document id="bounded-range-components">
    <properties>
        <title>Bounded Range Components</title>
    </properties>

    <body>
        <p>
            "Bounded range" components allow a user to interactively select one of a bounded range
            of values. Bounded range components in Pivot include:
        </p>

        <ul>
            <li>
                <p>
                    <a href="sliders.html"><b>Slider</b></a> - Allows a user to select one of a
                    range of values by dragging the mouse.
                </p>
            </li>
            <li>
                <p>
                    <a href="scroll-bars.html"><b>ScrollBar</b></a> - Allows a user to select one
                    of a range of values using up/down buttons or a draggable "thumb" that also
                    represents an extent value. Most often used to facilitate scrolling in a scroll
                    pane but can be used in other contexts.
                </p>
            </li>
            <li>
                <p>
                    <a href="spinners.html"><b>Spinner</b></a> - An "up/down" control allowing a
                    user to cycle through a range of pre-defined values.
                </p>
            </li>
        </ul>
    </body>
</document>
