<?xml version="1.0" encoding="UTF-8"?>
<!--
Licensed to the Apache Software Foundation (ASF) under one or more
contributor license agreements.  See the NOTICE file distributed with
this work for additional information regarding copyright ownership.
The ASF licenses this file to you under the Apache License,
Version 2.0 (the "License"); you may not use this file except in
compliance with the License.  You may obtain a copy of the License at

    http://www.apache.org/licenses/LICENSE-2.0

Unless required by applicable law or agreed to in writing, software
distributed under the License is distributed on an "AS IS" BASIS,
WITHOUT WARRANTIES OR CONDITIONS OF ANY KIND, either express or implied.
See the License for the specific language governing permissions and
limitations under the License.
-->

<document id="progress-indicators">
    <properties>
        <title>Progress Indicators</title>
    </properties>

    <body>
        <p>
            This section discusses components that are used to present progress information. Pivot
            supports two types of progress indicator components:
        </p>

        <ul>
            <li>
                <p>
                    <a href="meters.html"><b>Meter</b></a> - Display state based on a known
                    completion percentage.
                </p>
            </li>
            <li>
                <p>
                    <a href="activity-indicators.html"><b>ActivityIndicator</b></a> - Present an
                    indeterminate progress state.
                </p>
            </li>
        </ul>
    </body>
</document>
