<?xml version="1.0" encoding="UTF-8"?>
<!--
Licensed to the Apache Software Foundation (ASF) under one or more
contributor license agreements.  See the NOTICE file distributed with
this work for additional information regarding copyright ownership.
The ASF licenses this file to you under the Apache License,
Version 2.0 (the "License"); you may not use this file except in
compliance with the License.  You may obtain a copy of the License at

    http://www.apache.org/licenses/LICENSE-2.0

Unless required by applicable law or agreed to in writing, software
distributed under the License is distributed on an "AS IS" BASIS,
WITHOUT WARRANTIES OR CONDITIONS OF ANY KIND, either express or implied.
See the License for the specific language governing permissions and
limitations under the License.
-->

<document>
    <properties>
        <title>iTunes Search</title>
        <description>
            Simple application that allows a user to run search queries against the iTunes Music
            Store and presents the results in a table view.
        </description>
    </properties>

    <body>
        <p>
            Simple application that allows a user to run search queries against the iTunes Music
            Store and presents the results in a table view.
        </p>
        <application class="org.apache.pivot.demos.itunes.SearchDemo" width="640" height="480">
            <libraries signed="true">
                <library>core</library>
                <library>wtk</library>
                <library>wtk-terra</library>
                <library>web</library>
                <library>demos</library>
            </libraries>
        </application>
    </body>
</document>
