<?xml version="1.0" encoding="UTF-8"?>
<!--
Licensed to the Apache Software Foundation (ASF) under one or more
contributor license agreements.  See the NOTICE file distributed with
this work for additional information regarding copyright ownership.
The ASF licenses this file to you under the Apache License,
Version 2.0 (the "License"); you may not use this file except in
compliance with the License.  You may obtain a copy of the License at

    http://www.apache.org/licenses/LICENSE-2.0

Unless required by applicable law or agreed to in writing, software
distributed under the License is distributed on an "AS IS" BASIS,
WITHOUT WARRANTIES OR CONDITIONS OF ANY KIND, either express or implied.
See the License for the specific language governing permissions and
limitations under the License.
-->

<document>
    <properties>
        <title>Multiple Selection</title>
        <description>
            Demonstrates Pivot's use of ranges to maintain selection state in a ListView component.
            This is more efficient than maintaining a list of individual selected indexes.
        </description>
    </properties>

    <body>
        <p>
            This application demonstrates Pivot's use of ranges to maintain selection state in a
            ListView component. This is more efficient than maintaining a list of individual
            selected indexes.
        </p>
        <application class="org.apache.pivot.wtk.ScriptApplication" width="480" height="360">
            <libraries>
                <library>core</library>
                <library>wtk</library>
                <library>wtk-terra</library>
                <library>demos</library>
            </libraries>
            <startup-properties>
                <src>/org/apache/pivot/demos/lists/multi_select.bxml</src>
            </startup-properties>
        </application>
        <p>
            TableView also maintains selection in this manner.
        </p>
    </body>
</document>
